{
  "mug": {
    "cat": "cup",
    "scale": 0.36218,
    "center": [
      -0.0,
      -0.0008,
      0.0172
    ],
    "half": [
      0.03,
      0.0227,
      0.0172
    ]
  },
  "bowl": {
    "cat": "bowl",
    "scale": 0.5222,
    "center": [
      0.0,
      0.0,
      0.0161
    ],
    "half": [
      0.0296,
      0.03,
      0.0162
    ]
  },
  "clock": {
    "cat": "clock",
    "scale": 0.36972,
    "center": [
      -0.0003,
      0.0002,
      0.03
    ],
    "half": [
      0.0202,
      0.01,
      0.03
    ]
  },
  "elephant": {
    "cat": "elephant",
    "scale": 0.22177,
    "center": [
      0.0014,
      -0.0018,
      0.03
    ],
    "half": [
      0.0212,
      0.0233,
      0.03
    ]
  }
}