lookahead_s,noiseless obs,+5 mm obs noise
0.05,0.04809253888873657,33.253956257739375
0.1,0.08884192702389383,61.61117228566167
0.15,0.12959131515942376,89.99524111852223
0.2,0.17034070329477705,118.3867686192707
0.3,0.25183947956572444,175.17766136613506
0.4,0.33333825583691434,231.97259888722846
